discount_band,avg_revenue,avg_margin_pct,product_count
No discount,1203.1262694294412,72.21415169660679,501
Small (0–10),1796.3785848204725,74.97472440944883,127
Medium (10–30),2503.292782630714,82.44023809523809,42
Large (30–60),3551.13374192,88.708,5
Heavy (60+),7620.719319,89.4,1
